seminarName,CMname,ECname,seminarIntro
Seminar Title 0,Name CM0,Name EC0,"Some interesting introduction to the seminar, misc. info, etc."
Seminar Title 1,Name CM1,Name EC1,"Some interesting introduction to the seminar, misc. info, etc."
Seminar Title 2,Name CM2,Name EC2,"Some interesting introduction to the seminar, misc. info, etc."
Seminar Title 3,Name CM3,Name EC3,"Some interesting introduction to the seminar, misc. info, etc."
Seminar Title 4,Name CM4,Name EC4,"Some interesting introduction to the seminar, misc. info, etc."
Seminar Title 5,Name CM5,Name EC5,"Some interesting introduction to the seminar, misc. info, etc."
Seminar Title 6,Name CM6,Name EC6,"Some interesting introduction to the seminar, misc. info, etc."
Seminar Title 7,Name CM7,Name EC7,"Some interesting introduction to the seminar, misc. info, etc."
Seminar Title 8,Name CM8,Name EC8,"Some interesting introduction to the seminar, misc. info, etc."
Seminar Title 9,Name CM9,Name EC9,"Some interesting introduction to the seminar, misc. info, etc."
Seminar Title 10,Name CM10,Name EC10,"Some interesting introduction to the seminar, misc. info, etc."
Seminar Title 11,Name CM11,Name EC11,"Some interesting introduction to the seminar, misc. info, etc."
Seminar Title 12,Name CM12,Name EC12,"Some interesting introduction to the seminar, misc. info, etc."
Seminar Title 13,Name CM13,Name EC13,"Some interesting introduction to the seminar, misc. info, etc."
Seminar Title 14,Name CM14,Name EC14,"Some interesting introduction to the seminar, misc. info, etc."
Seminar Title 15,Name CM15,Name EC15,"Some interesting introduction to the seminar, misc. info, etc."
Seminar Title 16,Name CM16,Name EC16,"Some interesting introduction to the seminar, misc. info, etc."
Seminar Title 17,Name CM17,Name EC17,"Some interesting introduction to the seminar, misc. info, etc."
Seminar Title 18,Name CM18,Name EC18,"Some interesting introduction to the seminar, misc. info, etc."
Seminar Title 19,Name CM19,Name EC19,"Some interesting introduction to the seminar, misc. info, etc."
